Feature,Importance
Credit_History,0.2862641898864809
Income_to_Loan,0.08720330237358098
Property_Area,0.021362229102167164
Debt_to_Income,0.01939112487100098
ApplicantIncome,0.012714138286893658
CoapplicantIncome,0.008379772961816261
LoanAmount,0.007203302373580963
Married,0.005056759545923573
Dependents,0.002321981424148567
Education,0.002229102167182647
Gender,0.0
Self_Employed,0.0
EMI,0.0
Loan_Amount_Term,-0.0009391124871001467
Log_Total_Income,-0.00205366357069147
Total_Income,-0.0025490196078431725
Log_LoanAmount,-0.0042208462332301725
