Model,Accuracy,Precision,Recall,F1,ROC-AUC,CV ROC-AUC
AdaBoost,0.8780487804878049,0.8804347826086957,0.9529411764705882,0.9152542372881356,0.8942724458204334,
Logistic Regression,0.8455284552845529,0.875,0.9058823529411764,0.8901734104046243,0.8721362229102166,
Random Forest,0.8211382113821138,0.9090909090909092,0.8235294117647058,0.8641975308641975,0.86656346749226,
Naive Bayes,0.8373983739837398,0.8350515463917526,0.9529411764705882,0.8901098901098901,0.8399380804953561,
Gradient Boosting,0.8045112781954887,0.8372881355932204,0.8916967509025271,0.8636363636363636,0.8310942770906078,0.8564843464600894
XGBoost,0.8070175438596491,0.8401360544217688,0.8916967509025271,0.8651488616462347,0.8287121974314968,0.8578603599900056
HistGradientBoosting,0.8020050125313283,0.8485915492957746,0.8700361010830325,0.8591800356506238,0.8223205302716459,0.8534045991693484
SVM,0.8292682926829268,0.8404255319148937,0.9294117647058824,0.88268156424581,0.8052631578947369,
KNN,0.8455284552845529,0.8367346938775511,0.9647058823529412,0.8961748633879781,0.8034055727554179,
Decision Tree,0.8130081300813008,0.8297872340425532,0.9176470588235294,0.8715083798882681,0.7756965944272447,
